Country,1970,1971,1972,1973,1974,1975,1976,1977,1978,1979,1980,1981,1982,1983,1984,1985,1986,1987,1988,1989,1990,1991,1992,1993,1994,1995,1996,1997,1998,1999,2000,2001,2002,2003,2004,2005,2006,2007,2008,2009,2010,2011,2012,2013,2014,2015,2016,2017,2018,2019,2020
Australia,,17.896,18.126,18.132,20.685,16.041,15.73,14.133,15.831,15.828,16.11,14.89,13.579,14.889,14.222,14.676,14.671,14.791,15.721,16.098,16.987,17.541,17.861,17.974,18.059,16.89,17.879,17.87,21.058,19.768,20.997,20.439,19.92,19.148,19.219,19.643,19.749,19.003,19.042,19.053,19.749,19.172,19.934,19.527,17.847,17.202,16.947,16.604,16.244,14.734,14.913
Canada,,,,,,,,,,,,,,,,,,,15.331,15.076,14.964,14.7,14.687,15.358,16.024,16.499,16.75,17.371,16.748,17.068,16.605,15.926,15.908,15.251,15.288,15.368,15.872,15.594,15.484,15.225,15.647,15.197,15.032,14.593,14.744,14.734,15.639,15.853,15.595,15.456,13.776
Germany,14.641,13.528,12.937,11.888,10.799,10.048,10.271,10.561,10.673,10.809,10.757,10.505,10.75,11.763,11.797,11.621,11.429,11.153,11.433,11.376,11.485,,11.182,11.405,11.292,10.345,10.297,11.021,11.571,11.672,12.164,12.162,12.449,12.709,13.886,13.979,14.364,14.268,13.971,13.745,13.807,13.848,14.025,13.19,12.873,12.953,12.825,12.785,13.037,13.319,12.282
Israel,,,,,,,,,,,,,,,,,,,,,,,,,,27.043,25.046,25.899,29.083,27.823,29.49,30.33,27.843,28.628,28.726,30.243,25.724,26.663,25.347,25.419,23.812,23.759,23.408,22.654,23.01,22.501,22.823,22.431,21.837,21.356,P   20.12
Italy,,,,,,,,,,,,,,,,,,,18.938,19.955,18.036,18.123,18.305,20.518,22.702,27.747,27.675,27.747,28.468,28.088,26.464,24.477,24.125,23.719,22.833,21.606,21.317,21.516,21.339,20.664,20.549,22.027,22.084,22.226,22.54,23.467,23.323,23.806,23.551,23.461,21.46
Japan,,,,,,,,,,,,,,,,,,,,,,,,,,14.474,14.474,15.611,16.086,16.192,15.916,15.786,15.979,16.887,16.589,15.673,16.422,15.515,15.238,15.159,14.57,13.122,12.972,12.701,12.87,12.948,12.854,12.655,12.995,12.902,11.938
Mexico,,,,,,,,,,,,,,,,,,,,,,,,,,,,,,50.973,52.224,53.428,54.359,55.664,53.693,54.59,53.764,52.497,48.596,47.354,43.509,40.734,40.641,39.879,40.872,41.044,41.372,41.788,42.309,42.282,38.761
Turkiye,,,,,,,,,,77.778,76.471,89.286,80.645,83.333,59.375,51.389,60.465,63.077,50.678,43.118,40.121,36.988,31.439,31.497,30.074,29.679,30.845,,,30.292,28.906,23.432,20.321,18.931,20.182,24.178,23.648,23.885,19.182,14.508,16.872,15.895,15.932,16.927,17.725,16.948,16.466,17.384,17.491,17.048,16.431
United States,37.219,35.394,34.369,33.972,32.463,30.768,29.181,28.042,26.669,25.572,24.693,23.903,23.52,23.16,23.059,23.167,23.351,22.106,21.655,20.486,19.96,18.636,17.5,16.423,15.315,14.749,14.514,14.713,15.269,15.216,15.117,14.416,14.327,14.15,13.974,13.913,13.678,13.597,13.359,12.648,12.368,12.32,12.335,12.287,11.987,11.775,11.65,11.418,11.328,11.308,9.931
